USE WebBookStore2
GO

INSERT DANHMUCSACH
VALUES
(N'Quản Trị & Kinh Doanh'),
(N'Kỹ Năng & Hướng Nghiệp'),
(N'Giáo Trình Đại Học')

INSERT TACGIA
VALUES
(N'Hoàng Ân', '0915373964', 'hoangan@gmail.com'),
(N'Nguyễn Cảnh Bình', '0915373964', 'nguyencanhbinh@gmail.com'),
(N'Phạm Minh Thuận', '0915373964', 'phamminhthuan@gmail.com'),
(N'Michael Watkins', '0915373904', 'micheal@gmail.com'),
(N'Thanh Trúc', '092173905', 'thanhtrucvtv@gmail.com'),
(N'Ngô Phương Hạnh', '0944373906', 'ngophuonghanh@gmail.com'),
(N'Huyền Trang', '0915373507', 'huyentrang@gmail.com'),
(N'Thanh Trúc', '0915443908', 'thanhtrucvtv@gmail.com'),
(N'Trần Trọng Hải', '0912273909', 'trantronghai@gmail.com'),
(N'Louis Veccara', '0915883910', 'louisveccara@gmail.com'),
(N'Trần Thăng Long', '0914073911', 'tranthanglong@gmail.com'),
(N'Trần Thu Trang', '0915373912', 'tranthutrang@gmail.com'),
(N'Huỳnh Hữu Tài', '0915373913', 'huynhhuutai@gmail.com'),
(N'Phạm Kim Diệu', '0915373914', 'phamkimdieu@gmail.com'),
(N'Nguyễn Thụy Khánh Chương', '0915373915', 'khanhchuong@gmail.com'),
(N'Nguyễn Đình Quang', '0915373916', 'dinhquang@gmail.com'),
(N'Kim Byung Wan', '0915373917', 'kimbyungwan@gmail.com'),
(N'Phan Trần Trung Dũng', '0915373918', 'trungdung@gmail.com'),
(N'Lê Liên Hương', '0915373919', 'lelienhuong@gmail.com'),
(N'Nguyễn Hữu Tuấn', '0915373920', 'nguyenhuutuan@gmail.com'),
(N'Nguyễn Ngọc Sơn', '0915373921', 'nguyenngocson@gmail.com'),
(N'Phạm Văn Hồng Thắng', '0915373922', 'hongthang@gmail.com'),
(N'Phương Oanh', '0912828323', 'phuongoanh@gmail.com'),
(N'Phi Thị Mai', '0915354924', 'phithimai@gmail.com'),
(N'Nguyễn Thị Trà', '0392013225', 'nguyenthitra@gmail.com'),
(N'Chu Văn Biên', '0915332326', 'chuvanbien@gmail.com'),
(N'Trần Dũng Trí', '0920273927', 'trandungtri@gmail.com'),
(N'Lưu Văn Hòa', '0772813228', 'luuvanhoa@gmail.com'),
(N'Nguyễn Minh Tâm', '0892812129', 'nguyenminhtam@gmail.com'),
(N'Đào Văn Tuyền', '0382323130', 'daovantuyen@gmail.com')

INSERT NHAXUATBAN
VALUES
(N'Nhà xuất bản Văn học', N'Ba Đình - Hà Nội', '0915373961', 'nxbvanhoc@gmail.com'),
(N'Nhà xuất bản	Hồng Đức', N'Đống Đa - Hà Nội', '0915321222', 'nxbhongduc@gmail.com'),
(N'Nhà xuất bản	Công thương', N'Hoàn Kiếm - Hà Nội', '0915373213', 'nxbcongthuong@gmail.com'),
(N'Nhà xuất bản Tài chính', N'Tây Hồ - Hà Nội', '0915663534', 'nxbtaichinh@gmail.com'),
(N'Nhà xuất bản Thế giới', N'Hai Bà Trưng - Hà Nội', '0989373535', 'nxbthegioi@gmail.com'),
(N'Nhà xuất bản Lao động', N'Mỹ Đình - Hà Nội', '0915321536', 'nxbld@gmail.com'),
(N'Nhà xuất bản Thanh niên', N'Láng - Hà Nội', '0915378537', 'nxbthanhnien@gmail.com'),
(N'Nhà xuất bản Lao động Xã hội', N'Ba Vì - Hà Nội', '0915863538', 'nxbldxh@gmail.com'),
(N'Nhà xuất bản Sự thật', N'Mỹ Đình - Hà Nội', '0924242849', 'nxbsuthat@gmail.com'),
(N'Nhà xuất bản Tổng hợp TPHCM', N'Quận 2 - TP Hồ Chí Minh', '0978273510', 'nxbthtphcm@gmail.com'),
(N'Nhà xuất bản Dân trí', N'Hoàn Kiếm - Hà Nội', '0915372111', 'nxbdantri@gmail.com'),
(N'Nhà xuất bản ĐH Kinh tế quốc dân', N'Hoàn Kiếm', '0902323512', 'nxbdhktqd@gmail.com')

INSERT SANPHAM (TinhTrang, MoTa, KhuyenMai, Anh, TenSanPham, GiaSanPham, SoLuong, DacBiet, LuotXem, MaTacGia, MaDMSach, MaNXB)
VALUES
 (1, N'Sách thiền trong quản trị kinh doanh là một trong những quyền sách có tầm ảnh hưởng lớn tới các doanh nhân Việt Nam', 0.2, 'thientrongquantrikinhdoanh.jpg', N'Câu chuyện iphone', 79900, 25, 0, 34, 13, 1, 7),
 (1, N'Sách mba trong quản lý kinh doanh hiện đã phân tách thành nhiều chuyên ngành riêng biệt, hàm chứa lượng kiến thức tổng hợp rộng lớn.', 0.1, 'mbatrongquanlykinhdoanh.jpg', N'MBA trong quản lý kinh doanh', 95200, 9, 1, 35, 14, 1, 6),
 (1, N'Sách kinh tế thành viên sẽ chỉ cho bạn cách chuyển từ đăng ký kỹ thuật số sang bán hàng lâu dài.', 0.1, 'kinhtethanhvien.jpg', N'Kinh tế thành viên', 239200, 16, 0, 22, 15, 1, 3),
 (1, N'Sách quản trị nhân sự đúng sẽ cung cấp cho bất kỳ chuyên gia nhân sự, người quản lý hoặc chủ doanh nghiệp của bất kỳ tổ chức quy mô nào thông tin họ cần để tận dụng tối đa nguồn nhân lực.', 0.0, 'quantrinhansudung.jpg', N'Quản trị nhân sự đúng', 191200, 19, 0, 28, 16, 1, 3),
 (1, N'Cuốn sách này ra đời trong bối cảnh hoạt động kiểm soát quản trị trên thế giới tiếp tục phát triển và gia tăng tầm quan trọng. Các nguyên tắc, chính sách và thông lệ cũng được mở rộng. Những kiến thức, lý thuyết mới xuất hiện.', 0.0, 'kiemsoatquantri.jpg', N'Kiểm soát quản trị', 300000, 10, 1, 33, 17, 1, 10),
 (1, N'Quản trị trong thời khủng hoảng là một trong những cuốn sách kinh điển về quản trị. Cuốn sách tập trung hoàn toàn vào các hành động, chiến lược và cơ hội, những điều các nhà quản trị có thể làm, nên làm và phải làm trong những thời kỳ biến động, khủng hoảng.', 0.0, 'quantritrongthoikhunghoang.jpg', N'Quản trị trong thời khủng hoảng', 103200, 19, 1, 40, 18, 1, 3),
 (1, N'Với những kiến thức và bài học được tác giả tổng hợp, rút ra từ chính kinh nghiệm thực tiễn của mình, hy vọng bạn đọc sẽ có cái nhìn đúng đắn hơn về hoạt động khởi nghiệp để chuẩn bị kỹ càng cho cuộc hành trình sắp tới của bản thân.', 0.1, 'quantricongtykhoinghiep.jpg', N'Quản trị công ty khởi nghiệp', 64000, 23, 0, 21, 19, 1, 5),
 (1, N'Quản trị thương hiệu trực tuyến là cuốn sách cung cấp một cái nhìn toàn diện về hình ảnh của cá nhân và tổ chức trên mạng truyền thông xã hội, đặc biệt là các doanh nghiệp.', 0.0, 'quantrithuonghieutructuyen.jpg', N'Quản trị thương hiệu trực tuyến', 89380, 10, 1, 30, 12, 1, 5),
 (1, N'Cuốn sách Kinh doanh online của Johnathan P. Allen còn được ví von là cuốn sách giáo khoa bổ ích cung cấp các kiến thức cơ bản cũng như những hướng dẫn thực tế cho các sinh viên  việc sử dụng các nền tảng công nghệ để bắt tay vào khởi nghiệp.', 0.1, 'kinhdoanhonline.jpg', N'Kinh doanh online', 336000, 19, 0, 22, 11, 1, 6),
 (1, N'Những triệu phú thầm lặng luôn tồn tại giữa chúng ta. Họ hầu như không tạo ra dư luận, tranh cãi hay khiêu khích bởi họ gặt hái được thành công là nhờ "hai bàn tay lao động".', 0.0, 'kinhdoanhnhothuloilon.jpg', N'Kinh doanh nhỏ thu lợi lớn', 63000, 35, 1, 44, 10, 1, 8),
 (1, N'Bằng việc tạo nên một triết lý kinh doanh cho chính bản thân và công ty, Inamori Kazuo đã đưa Kyocera từ một doanh nghiệp nhỏ trở thành một tập đoàn công nghệ cao đa quốc gia hùng mạnh. Ông đã tóm tắt lại những tư tưởng của mình trong cuốn Triết lý kinh doanh của Kyocera.', 0.0, 'trietlykinhdoanhcuakyocera.png', N'Triết lý kinh doanh của Kyocera', 140000, 45, 0, 50, 3, 1, 3),
 (1, N'Sách quản trị nguồn nhân lực giúp cho người đọc hiểu những vấn đề về lý thuyết và kinh nghiệm thực tiễn trong quản trị nguồn nhân lực giúp cho bạn đọc có cái nhìn tổng hợp về những vấn đề cơ bản của quản trị nguồn nhân lực.', 0.1, 'quantringuonnhanluc.jpg', N'Quản trị nguồn nhân lực', 116000, 22, 0, 29, 9, 1, 4),
 (1, N'Sách kinh doanh dựa trên thành viên sẽ chỉ cho bạn cách áp dụng mô hình kinh doanh thuê bao vào doanh nghiệp của bạn, không quan trọng doanh nghiệp của bạn thuộc ngành nào và có quy mô ra sao.', 0.0, 'kinhdoanhduatrenthanhvien.jpg', N'Kinh doanh dựa trên thành viên', 95200, 25, 1, 25, 9, 1, 3),
 (1, N'Sách kinh doanh như một cuộc chơi tập hợp những lời khuyên tốt nhất của Branson, được đúc kết từ những kinh nghiệm và hiểu biết giúp ông trở thành một trong những doanh nhân được ngưỡng mộ nhất trên thế giới.', 0.0, 'kinhdoanhnhumotcuocchoi.jpg', N'Kinh doanh như một cuộc chơi', 127200, 15, 1, 30, 8, 1, 5),
 (1, N'Sách kinh doanh từ A đến Z chứa đựng những kinh nghiệm tinh túy nhất được Alan đúc rút từ sự nghiệp kế toán, luật và bất động sản. Cuốn sách là toàn bộ tâm huyết mà Alan muốn chia sẻ về lợi ích của cách tư duy, từng câu từng chữ đều được chưng cất từ tri thức.', 0.2, 'kinhdoanhtuadenz.jpg', N'Kinh doanh từ A đến Z', 111200, 20, 0, 40, 7, 1, 6),
 (1, N'Sách chiến lược kinh doanh sẽ giúp các doanh nghiệp tránh được những hệ quả khốc liệt của việc đưa ra những quyết định kém hiệu quả.', 0.0, 'chienluockinhdoanh.jpg', N'Chiến lược kinh doanh', 126650, 15, 0, 20, 5, 1, 5),
 (1, N'Cuốn sách Kinh điển về Khởi nghiệp cũng đều sẽ là cẩm nang tuyệt vời giúp bạn xây dựng được một doanh nghiệp thực sự thành công, tránh khỏi những cạm bẫy vốn có đối với các công ty khởi nghiệp, đặc biệt trong môi trường cạnh tranh, biến đổi nhanh chóng và toàn cầu như hiện nay.', 0.2, 'kinhdienvekhoinghiep.jpg', N'Kinh điển về khởi nghiệp', 212000, 18, 0, 22, 6, 1, 6),
 (1, N'Sách lập kế hoạch kinh doanh hiệu quả sẽ hướng dẫn bạn chi tiết cách kể câu chuyện về bản kế hoạch kinh doanh của mình một cách hấp dẫn, thu hút mọi tổ chức tài chính, khiến họ phải mở hầu bao rót vốn cho dự án của mình.', 0.0, 'lapkehoachkinhdoanhhieuqua.jpg', N'Lập kế hoạch kinh doanh hiệu quả', 111200, 20, 0, 20, 5, 1, 7),
 (1, N'Hiện tại, tận dụng tốt nguồn nhân lực là một trong những vấn đề lớn nhất của doanh nghiệp, vì bất kỳ nhà quản lý nào cũng muốn đội ngũ của mình thật tinh gọn. Nhưng phát triển khả năng làm việc nhóm, liên kết hành động giữa các cá nhân thành một qui trình thống nhất, trơn tru chưa bao giờ là nhiệm vụ dễ dàng.', 0.0, 'mohinhkinhdoanhnhom.jpg', N'Mô hình kinh doanh nhóm', 239200, 15, 0, 20, 4, 1, 6),
 (1, N'Sách thuật quản trị sẽ giúp bạn tập trung tăng cường kỹ năng quản lý của bản thân, từ đó, bạn sẽ khai phá được những bí mật để khơi gợi những năng lực tiềm ẩn của nhân viên giưới quyền, giúp biến chuyển họ - những nhân viên bình thường đạt được hiệu suất phi thường.', 0.0, 'thuatquantri.jpg', N'Thuật quản trị', 63200, 20, 0, 30, 1, 1, 5),

 (1, N'Mỗi cuốn sách hay là một cuộc đời, một kho kinh nghiệm, được viết không chỉ một lần mà còn được viết đi viết lại hàng trăm lần trong nhiều năm. Bạn có thể dễ dàng đọc xong một cuốn sách hay chỉ trong vài tiếng đồng hồ, nhưng để nắm bắt hết giá trị của nó có thể mất đến vài năm.', 0.1, 'kynangdocsachhieuqua.jpg', N'Kỹ năng đọc sách hiệu quả', 81180, 10, 0, 24, 19, 2, 5),
 (1, N'Sách kỹ năng lãnh đạo hướng dẫn bạn cách tìm kiếm cá nhân đủ phẩm chất, đặt niềm tin vào họ và giúp họ nâng cao kỹ năng lãnh đạo mà có thể họ còn không biết mình đang sở hữu.', 0.1, 'kynanglanhdao.jpg', N'Kỹ năng lãnh đạo', 103200, 19, 0, 21, 20, 2, 6),
 (1, N'Kỹ năng viết báo cáo hiệu quả là một tác phẩm không thể thiếu đối với những nhân viên chuyên nghiệp. Sử dụng số liệu là công cụ hữu hiệu nhất để một người hình thành tư duy logic, phát triển kỹ năng tổng hợp, phân tích vấn đề để cuối cùng, tìm ra giải pháp hành động.', 0.0, 'kynangvietbaocaohieuqua.jpg', N'Kỹ năng viết báo cáo hiệu quả', 95200, 15, 1, 32, 21, 2, 12),
 (1, N'Nếu bạn mong muốn được thuyết trình và học hỏi để cải thiện kỹ năng này thì bạn đã nắm chắc trong tay tấm vé dẫn đến một tương lai đầy tươi sáng và thú vị. Thông qua Kỹ năng thuyết trình hiệu quả, tác giả Alison Lester sẽ hướng dẫn cho bạn xuyên suốt con đường này.', 0.2, 'kynangthuyettrinhhieuqua.jpg', N'Kỹ năng thuyết trình hiệu quả', 72000, 18, 0, 20, 30, 2, 6),
 (1, N'Nhưng cụ thể kỹ năng lãnh đạo giỏi bắt nguồn từ đâu và những nhà lãnh đạo tài ba đã áp dụng kỹ năng đó như thế nào? Tất cả sẽ được giải đáp trong cuốn Kỹ năng lãnh đạo hiệu quả.', 0.1, 'kynanglanhdaohieuqua.jpg', N'Kỹ năng lãnh đạo hiệu quả', 119200, 22, 0, 15, 23, 2, 12),
 (1, N'Bạn đang cầm trên tay cuốn sách Sales Techniques (Kỹ năng bán hàng) - tổng kết trong hơn 30 năm kinh nghiệm của William T. Brooks - một chuyên gia hàng đầu, được đánh giá cao trên thế giới về lĩnh vực bán hàng và đào tạo bán hàng.', 0.2, 'kynangbanhang.jpg', N'Kỹ năng bán hàng', 87200, 30, 1, 11, 24, 2, 8),
 (1, N'Kỹ năng phiên dịch là cuốn cẩm nang cung cấp đầy đủ hành trang trên con đường trở thành một phiên dịch viên chuyên nghiệp. Cuốn sách này hữu ích đối với các thầy, cô giảng dạy thực hành phiên dịch, lý thuyết phiên dịch, cũng như những người đã, đang và sẽ trở thành phiên dịch viên trong tương lai.', 0.2, 'kynangphiendich.jpg', N'Kỹ năng phiên dịch', 121360, 10, 0, 21, 25, 2, 7),
 (1, N'Cuốn sách được trình bày súc tích, đi từ tổng quan đến chi tiết, giúp bạn nắm bắt được nội dung cốt lõi của 5 kỹ năng tư duy dành cho doanh nhân một cách dễ dàng.', 0.0, 'kynangtuduylogic.jpg', N'Kỹ năng tư duy logic', 88000, 11, 0, 30, 13, 2, 6),
 (1, N'Kỹ Năng Đối Diện Hiểm Nguy sẽ giúp ích cho bạn trong đời sống hàng ngày và cả những chuyến đi xa, những cuộc phiêu lưu, những ngày phượt rong ruổi đến vùng đất lạ. Hãy đọc, nghiền ngẫm và thực hành từng kỹ năng nhé!', 0.0, 'kynangdoidienhiemnguy.jpg', N'Kỹ năng đối diện hiểm nguy', 62400, 17, 0, 27, 9, 2, 10),
 (1, N'Bạn sẽ học được cách xử trí khi bị khách hàng từ chối, cách lật ngược tình thế, rút ngắn quy trình bán hàng và làm sao để bản thân ngày càng chuyên nghiệp hơn. Cardone cũng sẽ chỉ cho bạn thấy đâu là những yếu tố quyết định thành công, sẽ luôn giúp bạn.', 0.1, 'kynangbanhangtuyetdinh.jpg', N'Kỹ năng bán hàng tuyệt đỉnh', 87200, 19, 1, 43, 14, 2, 5),
 (1, N'Từ xưa đến nay, con người giao tiếp không đơn thuần chỉ để truyền đạt những điều trong tâm tư mà nó còn là phương thức để người thấu hiểu người trong tình cảm, để thăng tiến trong sự nghiệp và để tỏ rõ sự hiểu biết của mình với thế giới bên ngoài. Cuốn sách giúp bạn trở thành người làm chủ được khả năng giao tiếp, mở rộng mối quan hệ và đạt được thành công.', 0.0, 'kynanggiaotiepdinhcao.jpg', N'Kỹ năng giao tiếp đỉnh cao', 76800, 29, 0, 35, 12, 2, 7),
 (1, N'Ra quyết định sao cho hiệu quả là một kỹ năng cực kỳ quan trọng đối với mỗi cá nhân, nhưng lại ít khi được quan tâm đúng mức. Mỗi ngày chúng ta đều thường xuyên đưa ra hàng loạt quyết định, một cách tự động và cực kỳ nhanh chóng, tất cả đều tác động đến mọi lĩnh vực trong cuộc sống của chúng ta.', 0.0, 'kynangraquyetdinhhieuqua.jpg', N'Kỹ năng ra quyết định hiệu quả', 111200, 15, 0, 30, 7, 2, 6),
 (1, N'Sách kỹ năng thuyết trình chuyên nghiệp sẽ giúp bạn tìm hiểu phương pháp kết hợp tất cả các phần này lại với nhau giúp phản chiếu hình ảnh lãnh đạo tốt nhất, tối đa hóa ảnh hưởng và tác động tích cực của bạn.', 0.1, 'kynangthuyettrinhchuyennghiep.jpg', N'Kỹ năng thuyết trình chuyên nghiệp', 111200, 35, 0, 23, 11, 2, 3),
 (1, N'Kỹ năng đàm phán là một trong những kỹ năng quan trọng nhất của một người thành đạt. Cuốn sách sẽ hướng dẫn bạn kỹ năng đàm phán với khách hàng.', 0.2, 'kynangdamphanbacthay.jpg', N'Kỹ năng đàm phán bậc thầy', 72000, 38, 0, 22, 16, 2, 11),
 (1, N'Bạn nói cần đọc thêm nhiều sách để nạp điện cho bản thân, vì mục tiêu thăng chức tăng lương, nhưng mỗi cuốn sách chuyên ngành mua về đều dừng lại ở trang thứ nhất sau nhiều lần mở ra gập vào, cùng lắm được chụp tấm ảnh kèm theo vài dòng tâm sự tỉ tê như để chứng minh bạn đang nỗ lực học tập.', 0.0, 'kynangmem.jpg', N'Kỹ năng mềm thời đại 4.0', 78720, 38, 0, 30, 5, 2, 1),
 (1, N'Cuốn sách này sẽ giúp bạn trả lời câu hỏi vì sao năng lực ghi nhớ của mỗi người lại khác biệt dến vậy? Có cách nào để nâng cao khả năng ghi nhớ, từ đó học tập và làm việc đều dễ dàng hơn hay không?', 0.0, 'kynangghinho.png', N'Kỹ năng ghi nhớ', 55200, 21, 0, 29, 4, 2, 12),
 (1, N'Sách Nâng cao kỹ năng thuyết trình cung cấp cho bạn những lời khuyên thiết thực với sự hướng dẫn từng bước cụ thể, giúp bạn cải thiện sự tự tin, chuẩn bị tốt hơn và làm chủ được nghệ thuật thuyết trình.', 0.1, 'nangcaokynangthuyettrinh.jpg', N'Nâng cao kỹ năng thuyết trình', 71200, 33, 1, 22, 20, 2, 2),
 (1, N'Để cân bằng tốt giữa thời gian cho công việc, gia đình, bạn bè và bản thân bạn cần có những kỹ năng quản lý căng thẳng. Hãy suy nghĩ nghiêm túc về việc cân bằng cuộc sống cho dù bạn đang gặp phải áp lực từ gia đình hay các vấn đề liên quan đến công việc.', 0.1, 'kynangquanlycongviec.jpg', N'Kỹ năng quản lý công việc', 229600, 15, 0, 20, 18, 2, 2),
 (1, N'Cuốn sách này sẽ trang bị cho bạn những chiến thuật giúp làm chủ nỗi lo sợ và sử dụng các công cụ giao tiếp hiệu quả. Ban đầu bạn có thể không mấy tự tin, nhưng sau khi đọc xong cuốn sách này, bạn sẽ sớm trở thành một chuyên gia kết nối thành công.', 0.1, 'networkingkynangmemquantrongnhat.jpg', N'Networking - Kỹ năng mềm quan trọng nhất', 86400, 11, 0, 18, 10, 2, 6),

 (1, N'Giáo trình cung cấp những tri thức hiểu biết có tính nền tảng và hệ thống về triết học Mác - Lênin; xây dựng thế giới quan duy vật và phương pháp luận biện chứng duy vật làm nền tảng lý luận cho việc nhận thức các vấn đề, nội dung của các môn học khác', 0.2, 'giaotrinhtriethocmln.jpg', N'Giáo trình triết học mác lê nin', 117370, 12, 0, 42, 10, 3, 9),
 (1, N'Sách giáo trình điện tử thực hành được biên soạn dựa trên cơ sở chương trình môn học Điện tử thực hành, dùng trong các trường Cao đẳng, Đại học khối công nghệ. Nó cung cấp cho sinh viên những kiến thức và kỹ năng cơ bản nhất của môn học…', 0.0, 'giaotrinhdientuthuchanh.jpg', N'Giáo trình điện tử thực hành', 120000, 22, 1, 20, 13, 3, 7),
 (1, N'Với nhiều ưu điểm nổi bật, GIÁO TRÌNH CHUẨN HSK không chỉ là tài liệu giảng dạy hữu ích ở các trung tâm dạy tiếng Trung Quốc mà còn rất thích hợp với những người muốn tự học ngôn ngữ này.', 0.0, 'giaotrinhchuanhsk.jpg', N'Giáo trình chuẩn HSK5', 236300, 56, 0, 20, 28, 3, 10),
 (1, N'Cuốn sách cung cấp những kiến thức, kỹ năng cơ bản cho người làm truyền thông đối ngoại cũng như việc giảng dạy và học tập môn học truyền thông đối ngoại tại các cơ sở đào tạo chuyên ngành.', 0.1, 'giaotrinhtruyenthongdoingoai.jpg', N'Giáo trình truyền thông đối ngoại', 101790, 25, 0, 10, 30, 3, 9),
 (1, N'Cuốn giáo trình này vốn có nền tảng là cuốn giáo trình Conversation for You của trung tâm lưu học sinh Bắc Hải Đường. Sau khi chỉnh sửa một vài lần, kết hợp thêm các khái niệm mô tả ở trên, cải thiện nhiều phần, bổ sung thêm nhiều phần luyện tập mới', 0.0, 'giaotrinhtiengnhat.jpg', N'Giáo trình tiếng Nhật', 96000, 32, 1, 20, 17, 3, 11),
 (1, N'Sách văn phạm tiếng Anh này giúp cho các bạn học sinh, sinh viên hiểu và thực hành về văn phạm tiếng Anh. Tuy mục đích của sách là để cho các em tự học, song đồng thời còn có thể dùng làm tài liệu để giảng dạy trong lớp.', 0.0, 'giaotrinhnguphaptienganh.jpg', N'Giáo trình ngữ pháp tiếng anh', 77220, 18, 0, 24, 12, 3, 12), 
 (1, N'Giáo trình được thiết kế như vậy chính là để dưới các góc độ khác nhau, cung cấp cho học sinh sự chuẩn bị ngôn ngữ cần thiết trong việc thực tập tại Trung Quốc.', 0.1, 'giaotrinhtienghanthuongmai.jpg', N'Giáo trình tiếng hàn thương mại', 102000, 16, 0, 36, 9, 3, 11),
 (1, N'Cuốn sách gồm 11 chương với nội dung chính như sau: Khái quát chung; nguồn của Luật quốc tế; các nguyên tắc cơ bản của Luật quốc tế...', 0.0, 'giaotrinhluatquocte.jpg', N'Giáo trình luật quốc tế', 128000, 36, 0, 27, 2, 3, 9),
 (1, N'Nội dung của giáo trình giới thiệu một cách có hệ thống những vấn đề cơ bản về nguyên lý làm việc của động cơ đốt trong, tính toán các quá trình nhiệt động, các thông số cơ bản và đặc tính của động cơ đốt trong.', 0.1, 'giaotrinhdongcodottrong.jpg', N'Giáo trình động cơ đốt trong', 71400, 35, 1, 21, 8, 3, 7),
 (1, N'Sách tỏa sáng ở trường đại học giúp cho các bạn trẻ có một cái nhìn khác về con đường đại học từ đó tạo tâm lý thoải mái, không áp lực để có thể học tập tốt nhất.', 0.1, 'toasangotruongdaihoc.jpg', N'Tỏa sáng ở trường đại học', 94400, 45, 0, 26, 27, 3, 10),
 (1, N'Sách học nhàn mà hiệu quả giới thiệu những chương trình huấn luyện, cả online và trực tiếp, để hướng dẫn cho các bạn sinh viên Y Dược cách để học nhàn mà hiệu quả và định hướng ngành nghề trong tương lai.', 0.0, 'hocnhanmahieuqua.jpg', N'Học nhàn mà hiệu quả', 71200, 25, 0, 14, 29, 3, 6),
 (1, N'Với hàng chục năm kinh nghiệm trong ngành giáo dục, GS. Nobuyoshi đã đúc kết những kinh nghiệm và kiến thức nuôi dạy trẻ trưởng thành, độc lập và trở nên ưu tú của trong cuốn sách Giáo dục không la mắng', 0.2, 'giaoduckhonglamang.jpg', N'Giáo dục không la mắng', 102400, 35, 0, 34, 22, 3, 10),
 (1, N'Với Microsoft Excel, bạn đã có trong tay các công cụ và tệnh để tạo các bảng tính khác nhau tạo những cơ sở dữ liệu cho từng thời kỳ, lập nên biểu đồ diễn biến, dự đoán xu thế phát triển, từ đó đề ra kế hoạch phát triển.', 0.2, 'giaotrinhthuchanhexcel.jpg', N'Giáo trình thực hành Excel', 108000, 28, 1, 40, 16, 3, 7),
 (1, N'Sách giáo trình thực hành photoshop giúp người học dễ theo dõi và thực hành khai thác các công cụ tạo vùng chọn trong Photoshop CC để ghép và chỉnh sửa ảnh. Bạn đọc sẽ tiết kiệm thời gian, đạt năng suất hơn khi làm việc với Photoshop.', 0.0, 'giaotrinhthuchanhphotoshop.jpg', N'Giáo trình thực hành photoshop', 102000, 29, 0, 33, 10, 3, 7),
 (1, N'Trước Ngưỡng Cửa Đại Học Quá trình chuyển tiếp từ phổ thông lên đại học là một trong những trải nghiệm thú vị và phức tạp nhất mà cha mẹ và con cái cùng phải đối mặt. ', 0.0, 'truocnguongcuadaihoc.jpg', N'Trước ngưỡng cửa đại học', 55000, 25, 0, 18, 11, 3, 3),
 (1, N'Sách pháp luật đại cương góp phần phục vụ công tác đào tạo, bồi dưỡng những kiến thức cơ bản về nhà nước và pháp luật cho học sinh, sinh viên; cung cấp thêm tài liệu nghiên cứu, tham khảo cho giảng viên các trường đại học, cao đẳng, trung học chuyên nghiệp', 0.2, 'phapluatdaicuong.jpg', N'Pháp luật đại cương', 126150, 15, 1, 22, 20, 3, 9),
 (1, N'Sách mái trường thân yêu giúp người đọc nhớ lại những kỷ niệm đẹp đẽ của tuổi học trò vô lo vô nghĩ, những khoảng thời gian đẹp nhất của mỗi con người.', 0.0, 'maitruongthanyeu.jpg', N'Mái trường thân yêu', 88000, 11, 0, 14, 30, 3, 10),
 (1, N'Sách giáo trình thực hành pic hướng dẫn cho học sinh, sinh viên các bước làm quen với vi mạch điều khiển, hướng dẫn thực thành chi tiết nhằm nâng cao trình độ của mỗi học sinh, sinh viên.', 0.1, 'giaotrinhthuchanhpic.jpg', N'Giáo trình thực hành PIC', 58000, 14, 1, 8, 21, 3, 7),
 (1, N'Sách kỹ năng làm bài viết ở đại học sẽ hướng dẫn bạn cách để chuẩn bị cũng như có một bài viết thật hoàn chỉnh trên chặng đường học đại học của mình.', 0.0, 'kynanglambaivietodaihoc.jpg', N'Kỹ năng làm bài viết ở đại học', 140000, 20, 0, 40, 22, 3, 10)



 INSERT QUYEN
 VALUES
 ('VIEW_CATEGORY', N'Xem danh mục'),
 ('ADD_CATEGORY', N'Thêm danh mục'),
 ('DELETE_CATEGORY', N'Xoá danh mục'),
 ('EDIT_CATEGORY', N'Sửa danh mục'),

 ('VIEW_SUPPLIER', N'Xem nhà cung cấp'),
 ('ADD_SUPPLIER', N'Thêm nhà cung cấp'),
 ('DELETE_SUPPLIER', N'Xoá nhà cung cấp'),
 ('EDIT_SUPPLIER', N'Sửa nhà cung cấp'),

 ('VIEW_PRODUCT', N'Xem sản phẩm'),
 ('ADD_PRODUCT', N'Thêm sản phẩm'),
 ('DELETE_PRODUCT', N'Xoá sản phẩm'),
 ('EDIT_PRODUCT', N'Sửa sản phẩm'),

 ('VIEW_ORDER', N'Xem đơn hàng'),
 ('DELETE_ORDER', N'Xoá đơn hàng'),
 ('EDIT_ORDER', N'Sửa đơn hàng'),

 ('VIEW_STOCK', N'Xem kho'),

 ('VIEW_STATISTIC', N'Xem thống kê'),

 ('VIEW_REVENUE', N'Xem doanh số')

  INSERT NHOMND
 VALUES
 ('ADMIN', N'Quản trị'),
 ('ACCOUNTANT', N'Kế toán'),
 ('STAFF', N'Nhân viên'),
 ('MODERATOR', N'Quản lý sách'),
 ('STOCKKEEPER', N'Quản lý kho'),
 ('CUSTOMER', N'Khách hàng')


 --ACCOUNTANT (Kế toán): xem thống kê, doanh số
 --MODERATOR (Quản lý sách): xem/thêm/sửa/xoá sách, nhà xuất bản, danh mục
 --STOCKKEEPER (Quản lý kho): xem kho

 INSERT dbo.PHANQUYEN
 VALUES
 ('MODERATOR', 'VIEW_CATEGORY', N'QLS Xem DMS'),
 ('MODERATOR', 'ADD_CATEGORY', N'QLS Thêm DMS'),
 ('MODERATOR', 'EDIT_CATEGORY', N'QLS Sửa DMS'),
 ('MODERATOR', 'DELETE_CATEGORY', N'QLS Xoá DMS'),
 ('MODERATOR', 'VIEW_SUPPLIER', N'QLS Xem NCC'),
 ('MODERATOR', 'ADD_SUPPLIER', N'QLS Thêm NCC'),
 ('MODERATOR', 'DELETE_SUPPLIER', N'QLS Xoá NCC'),
 ('MODERATOR', 'EDIT_SUPPLIER', N'QLS Sửa NCC'),
 ('MODERATOR', 'VIEW_PRODUCT', N'QLS Xem SP'),
 ('MODERATOR', 'ADD_PRODUCT', N'QLS Thêm SP'),
 ('MODERATOR', 'DELETE_PRODUCT', N'QLS Xoá SP'),
 ('MODERATOR', 'EDIT_PRODUCT', N'QLS Sửa SP'),

 ('STAFF', 'VIEW_ORDER', N'NV Xem ĐH'),
 ('STAFF', 'DELETE_ORDER', N'NV Xoá ĐH'),
 ('STAFF', 'EDIT_ORDER', N'NV Sửa ĐH'),

 ('STOCKKEEPER', 'VIEW_STOCK', N'QLK Xem kho'),

 ('ACCOUNTANT', 'VIEW_STATISTIC', N'KT Xem thống kê'),
 ('ACCOUNTANT', 'VIEW_REVENUE', N'KT Xem doanh số')


 INSERT NGUOIDUNG (HoVaTen, DiaChi, SDT, Email, MatKhau, TrangThai, MaNhom)
 VALUES
 (N'PLAT Admin', N'Hà Nội', '0937721122', 'admin@gmail.com', '202cb962ac59075b964b07152d234b70', 1, 'ADMIN'),
 (N'PLAT Moderator', N'Hà Nội', '0937721122', 'mod@gmail.com', '202cb962ac59075b964b07152d234b70', 1, 'MODERATOR'),
 (N'PLAT Accountant', N'Hà Nội', '0937721122', 'accountant@gmail.com', '202cb962ac59075b964b07152d234b70', 1, 'ACCOUNTANT'),
 (N'PLAT Stockkeeper', N'Hà Nội', '0937721122', 'stockkeeper@gmail.com', '202cb962ac59075b964b07152d234b70', 1, 'STOCKKEEPER'),
 (N'PLAT Staff', N'Hà Nội', '0937721122', 'staff@gmail.com', '202cb962ac59075b964b07152d234b70', 1, 'STAFF'),
 (N'PLAT User', N'Hà Nội', '0937721122', 'user@gmail.com', '202cb962ac59075b964b07152d234b70', 1, 'CUSTOMER'),
 (N'Vũ Thái An', N'Hải Dương', '0937721122', 'thaian01@gmail.com', '202cb962ac59075b964b07152d234b70', 1, 'CUSTOMER'),
 (N'Trần Phương', N'Nghệ An', '092718382', 'thanhphuong@gmail.com', '202cb962ac59075b964b07152d234b70', 1, 'CUSTOMER'),
 (N'Đỗ Thành Long', N'Vĩnh Phúc', '0915373964', 'thanhlong@gmail.com', '202cb962ac59075b964b07152d234b70', 0, 'CUSTOMER'),
 (N'Nguyễn Đức Toàn', N'Vĩnh Phúc', '0982736584', 'ductoan@gmail.com', '202cb962ac59075b964b07152d234b70', 1, 'CUSTOMER')

 INSERT DONHANG (DiaChi, SoLuong, MoTa, NgayDatHang, NgayNhanHang, EmailNguoiNhan, TinhTrang, MaVanDon, MaKhachHang)
 VALUES 
 (N'Hoàn Kiếm- Hà Nội', 3, N'Sản phẩm giao đúng hẹn', '2021-12-11', null, 'admin@gmail.com', -1, 'SHAWN02022', 1),
 (N'Ba Đình- Hà Nội', 2, N'Cảm ơn shop nhiều', '2021-12-11', '2021-12-14', 'user@gmail.com', 1, 'USERS03812', 2),
 (N'Tây Hồ- Hà Nội', 1, N'Sản phẩm tốt lắm', '2021-12-11', null, 'thaian01@gmail.com', 0, 'THAIA92732', 3),
 (N'Hai Bà Trưng- Hà Nội', 4, N'Sẽ ủng hộ nhiều hơn nữa', '2021-12-11', null, 'thanhphuong@gmail.com', 0, 'PHONG91037', 4),
 (N'Hoàn Kiếm- Hà Nội', 1, N'Tôi sẽ giới thiệu bạn bè', '2021-12-11', null, 'thanhlong@gmail.com', -1, 'DLONG64829', 5),
 (N'Tây Hồ- Hà Nội', 2, N'Tôi rất vui', '2021-12-11', '2021-12-15', 'ductoan@gmail.com', 1, 'DTOAN51521', 6)



 INSERT CHITIETDONHANG(KhuyenMai, MaDonHang, MaSanPham, SoLuong, DonGia)
 VALUES
 (0.2, 1, 1, 3, 79900),
 (0.1, 1, 2, 2, 95200),
 (0.1, 2, 3, 1, 239200),
 (0.0, 2, 6, 1, 103200),
 (0.1, 3, 7, 2, 64000),
 (0.2, 3, 24, 3, 72000),
 (0.1, 4, 25, 4, 119200),
 (0.1, 4, 43, 1, 101790),
 (0.0, 5, 44, 2, 96000),
 (0.2, 5, 51, 3, 102400),
 (0.2, 6, 52, 2, 108000),
 (0.1, 6, 57, 2, 58000)

  INSERT dbo.DANHGIA (SoSao, MaSanPham, MaKhachHang, BinhLuan)
VALUES
(5, 1, 9, N'Giao hàng nhanh, chất lượng, bao gói cẩn thận, hài lòng đã mua hàng nhiều lần tại Platbooks.'),
(3, 1, 7, N'Sách được bọc rất kỹ và đẹp Mình cảm ơn.'),
(4, 1, 10, N'Sách dày cộp đặc chữ, cầm nặng tay và nhìn rất "có học".'),
(3, 2, 9, N'Giao hàng nhanh, chất lượng, bao gói cẩn thận, hài lòng đã mua hàng nhiều lần tại Platbooks.'),
(5, 2, 10, N'Sách dày cộp đặc chữ, cầm nặng tay và nhìn rất "có học".'),
(4, 2, 8, N'Sau khi đọc sách, mình đã vận dụng và có hiệu quả. Sẽ giới thiệu cho bạn bè cùng mua.'),
(4, 3, 8, N'Rất nên mua! Đây là quyển sách "cứu đời" mình nè.'),
(3, 3, 9, N'Giao hàng nhanh, chất lượng, bao gói cẩn thận, hài lòng đã mua hàng nhiều lần tại Platbooks.'),
(5, 3, 10, N'Giá cả sách mua tại cơ sở thì không được chiết khấu nhưng mà với tầm giá này của sách là rất ưu đãi rồi đấy.'),
(4, 4, 9, N'Rất nên mua! Đây là quyển sách "cứu đời" mình nè.'),
(4, 4, 10, N'Sách dày cộp đặc chữ, cầm nặng tay và nhìn rất "có học".'),
(3, 5, 8, N'Đây là lần đầu tiên mình đặt mua hàng và nhận được hàng nhanh như vậy.'),
(4, 5, 9, N'Sách Platbooks giao cho mình in nét, giấy đẹp, mới cứng còn nguyên seal.'),
(4, 5, 10, N'Bìa sách dễ nhìn, ngôn từ ngắn gọn, dễ hiểu, dễ nhớ, lời văn đi vào lòng người, cuốn sách không làm tôi thấy vọng, xin cảm ơn tác giả'),
(4, 6, 8, N'Đây là lần đầu tiên mình đặt mua hàng và nhận được hàng nhanh như vậy.'),
(5, 7, 9, N'Giá cả sách mua tại cơ sở thì không được chiết khấu nhưng mà với tầm giá này của sách là rất ưu đãi rồi đấy.'),
(4, 7, 8, N'Bìa sách dễ nhìn, ngôn từ ngắn gọn, dễ hiểu, dễ nhớ, lời văn đi vào lòng người, cuốn sách không làm tôi thấy vọng, xin cảm ơn tác giả'),
(5, 8, 8, N'Sách được bọc rất kỹ và đẹp Mình cảm ơn.'),
(4, 9, 8, N'Giao hàng nhanh, chất lượng, bao gói cẩn thận, hài lòng đã mua hàng nhiều lần tại Platbooks.'),
(4, 9, 10, N'Giá cả sách mua tại cơ sở thì không được chiết khấu nhưng mà với tầm giá này của sách là rất ưu đãi rồi đấy.'),
(3, 9, 7, N'Sách còn có rất nhiều phần đặc biệt mà chúng ta không được học ở trường như mấy phần từ viết tắt, từ rút gọn mà thế giới sử dụng chung cho một vài tổ chức nữa.'),
(5, 10, 10, N'Sách được bọc rất kỹ và đẹp Mình cảm ơn.'),
(3, 10, 8, N'Giá cả sách mua tại cơ sở thì không được chiết khấu nhưng mà với tầm giá này của sách là rất ưu đãi rồi đấy.'),
(3, 10, 7, N'Sách Platbooks giao cho mình in nét, giấy đẹp, mới cứng còn nguyên seal.'),
(3, 11, 7, N'Sách được bọc rất kỹ và đẹp Mình cảm ơn.'),
(3, 11, 9, N'Vô nhà sách mấy anh chị nhân viên nhiệt tình lắm nhé, mình tìm hỏi các anh chị gợi ý chi tiết cho mình luôn.'),
(5, 11, 8, N'Đây là lần đầu tiên mình đặt mua hàng và nhận được hàng nhanh như vậy.'),
(3, 12, 9, N'Sách còn có rất nhiều phần đặc biệt mà chúng ta không được học ở trường như mấy phần từ viết tắt, từ rút gọn mà thế giới sử dụng chung cho một vài tổ chức nữa.'),
(5, 12, 7, N'Vô nhà sách mấy anh chị nhân viên nhiệt tình lắm nhé, mình tìm hỏi các anh chị gợi ý chi tiết cho mình luôn.'),
(5, 12, 8, N'Vô nhà sách mấy anh chị nhân viên nhiệt tình lắm nhé, mình tìm hỏi các anh chị gợi ý chi tiết cho mình luôn.'),
(4, 12, 10, N'Sau khi đọc sách, mình đã vận dụng và có hiệu quả. Sẽ giới thiệu cho bạn bè cùng mua.'),
(3, 13, 7, N'Đã mua và đọc quyển sách này hơn 1năm, càng đọc càng thấy hay.'),
(4, 14, 10, N'Rất nên mua! Đây là quyển sách "cứu đời" mình nè.'),
(4, 14, 8, N'Rất nên mua! Đây là quyển sách "cứu đời" mình nè.'),
(5, 14, 9, N'Vô nhà sách mấy anh chị nhân viên nhiệt tình lắm nhé, mình tìm hỏi các anh chị gợi ý chi tiết cho mình luôn.'),
(3, 14, 7, N'Sách còn có rất nhiều phần đặc biệt mà chúng ta không được học ở trường như mấy phần từ viết tắt, từ rút gọn mà thế giới sử dụng chung cho một vài tổ chức nữa.'),
(3, 15, 9, N'Nội dung sách rất chi tiết luôn đấy nhé, còn có cả phần phụ lục là appendix nữa.'),
(4, 15, 7, N'Sách còn có rất nhiều phần đặc biệt mà chúng ta không được học ở trường như mấy phần từ viết tắt, từ rút gọn mà thế giới sử dụng chung cho một vài tổ chức nữa.'),
(5, 15, 8, N'Bìa sách dễ nhìn, ngôn từ ngắn gọn, dễ hiểu, dễ nhớ, lời văn đi vào lòng người, cuốn sách không làm tôi thấy vọng, xin cảm ơn tác giả'),
(4, 16, 10, N'Nội dung sách rất chi tiết luôn đấy nhé, còn có cả phần phụ lục là appendix nữa.'),
(4, 17, 7, N'Bìa sách dễ nhìn, ngôn từ ngắn gọn, dễ hiểu, dễ nhớ, lời văn đi vào lòng người, cuốn sách không làm tôi thấy vọng, xin cảm ơn tác giả'),
(4, 17, 8, N'Nội dung sách rất chi tiết luôn đấy nhé, còn có cả phần phụ lục là appendix nữa.'),
(3, 17, 10, N'Bìa sách dễ nhìn, ngôn từ ngắn gọn, dễ hiểu, dễ nhớ, lời văn đi vào lòng người, cuốn sách không làm tôi thấy vọng, xin cảm ơn tác giả'),
(3, 18, 7, N'Sách dày cộp đặc chữ, cầm nặng tay và nhìn rất "có học".'),
(4, 18, 8, N'Vô nhà sách mấy anh chị nhân viên nhiệt tình lắm nhé, mình tìm hỏi các anh chị gợi ý chi tiết cho mình luôn.'),
(4, 18, 9, N'Nội dung sách rất chi tiết luôn đấy nhé, còn có cả phần phụ lục là appendix nữa.'),
(4, 18, 10, N'Đây là lần đầu tiên mình đặt mua hàng và nhận được hàng nhanh như vậy.'),
(4, 19, 8, N'Rất nên mua! Đây là quyển sách "cứu đời" mình nè.'),
(3, 19, 10, N'Sau khi đọc sách, mình đã vận dụng và có hiệu quả. Sẽ giới thiệu cho bạn bè cùng mua.'),
(3, 20, 7, N'Sau khi đọc sách, mình đã vận dụng và có hiệu quả. Sẽ giới thiệu cho bạn bè cùng mua.'),
(5, 20, 9, N'Sách Platbooks giao cho mình in nét, giấy đẹp, mới cứng còn nguyên seal.'),
(5, 21, 7, N'Nội dung sách rất chi tiết luôn đấy nhé, còn có cả phần phụ lục là appendix nữa.'),
(5, 21, 9, N'Rất nên mua! Đây là quyển sách "cứu đời" mình nè.'),
(5, 21, 10, N'Nội dung sách rất chi tiết luôn đấy nhé, còn có cả phần phụ lục là appendix nữa.'),
(4, 21, 8, N'Sách còn có rất nhiều phần đặc biệt mà chúng ta không được học ở trường như mấy phần từ viết tắt, từ rút gọn mà thế giới sử dụng chung cho một vài tổ chức nữa.'),
(3, 22, 10, N'Mình mới mua cuốn này, đọc khá là hay và bổ ích.'),
(3, 22, 7, N'Sách được bọc rất kỹ và đẹp Mình cảm ơn.'),
(4, 22, 8, N'Vô nhà sách mấy anh chị nhân viên nhiệt tình lắm nhé, mình tìm hỏi các anh chị gợi ý chi tiết cho mình luôn.'),
(5, 22, 9, N'Sách được bọc rất kỹ và đẹp Mình cảm ơn.'),
(3, 23, 9, N'Đây là lần đầu tiên mình đặt mua hàng và nhận được hàng nhanh như vậy.'),
(4, 23, 7, N'Sách được bọc rất kỹ và đẹp Mình cảm ơn.'),
(5, 24, 9, N'Bìa sách dễ nhìn, ngôn từ ngắn gọn, dễ hiểu, dễ nhớ, lời văn đi vào lòng người, cuốn sách không làm tôi thấy vọng, xin cảm ơn tác giả'),
(5, 25, 8, N'Sách được bọc rất kỹ và đẹp Mình cảm ơn.'),
(4, 26, 7, N'Sau khi đọc sách, mình đã vận dụng và có hiệu quả. Sẽ giới thiệu cho bạn bè cùng mua.'),
(3, 27, 7, N'Đã mua và đọc quyển sách này hơn 1năm, càng đọc càng thấy hay.'),
(3, 27, 8, N'Đây là lần đầu tiên mình đặt mua hàng và nhận được hàng nhanh như vậy.'),
(4, 27, 9, N'Rất nên mua! Đây là quyển sách "cứu đời" mình nè.'),
(4, 28, 7, N'Giao hàng nhanh, chất lượng, bao gói cẩn thận, hài lòng đã mua hàng nhiều lần tại Platbooks.'),
(4, 28, 10, N'Đã mua và đọc quyển sách này hơn 1năm, càng đọc càng thấy hay.'),
(3, 29, 9, N'Giao hàng nhanh, chất lượng, bao gói cẩn thận, hài lòng đã mua hàng nhiều lần tại Platbooks.'),
(3, 29, 8, N'Sách dày cộp đặc chữ, cầm nặng tay và nhìn rất "có học".'),
(3, 30, 10, N'Nội dung sách rất chi tiết luôn đấy nhé, còn có cả phần phụ lục là appendix nữa.'),
(3, 30, 7, N'Sách còn có rất nhiều phần đặc biệt mà chúng ta không được học ở trường như mấy phần từ viết tắt, từ rút gọn mà thế giới sử dụng chung cho một vài tổ chức nữa.'),
(5, 31, 9, N'Sách dày cộp đặc chữ, cầm nặng tay và nhìn rất "có học".'),
(3, 31, 10, N'Mình mới mua cuốn này, đọc khá là hay và bổ ích.'),
(5, 32, 8, N'Sách Platbooks giao cho mình in nét, giấy đẹp, mới cứng còn nguyên seal.'),
(4, 32, 10, N'Giá cả sách mua tại cơ sở thì không được chiết khấu nhưng mà với tầm giá này của sách là rất ưu đãi rồi đấy.'),
(4, 33, 7, N'Sách Platbooks giao cho mình in nét, giấy đẹp, mới cứng còn nguyên seal.'),
(4, 33, 9, N'Rất nên mua! Đây là quyển sách "cứu đời" mình nè.'),
(4, 33, 10, N'Bìa sách dễ nhìn, ngôn từ ngắn gọn, dễ hiểu, dễ nhớ, lời văn đi vào lòng người, cuốn sách không làm tôi thấy vọng, xin cảm ơn tác giả'),
(3, 33, 8, N'Sách Platbooks giao cho mình in nét, giấy đẹp, mới cứng còn nguyên seal.'),
(5, 34, 10, N'Sách dày cộp đặc chữ, cầm nặng tay và nhìn rất "có học".'),
(5, 35, 7, N'Giao hàng nhanh, chất lượng, bao gói cẩn thận, hài lòng đã mua hàng nhiều lần tại Platbooks.'),
(3, 35, 10, N'Sách Platbooks giao cho mình in nét, giấy đẹp, mới cứng còn nguyên seal.'),
(3, 35, 8, N'Rất nên mua! Đây là quyển sách "cứu đời" mình nè.'),
(4, 36, 8, N'Nội dung sách rất chi tiết luôn đấy nhé, còn có cả phần phụ lục là appendix nữa.'),
(5, 36, 7, N'Rất nên mua! Đây là quyển sách "cứu đời" mình nè.'),
(5, 36, 9, N'Sách Platbooks giao cho mình in nét, giấy đẹp, mới cứng còn nguyên seal.'),
(5, 36, 10, N'Bìa sách dễ nhìn, ngôn từ ngắn gọn, dễ hiểu, dễ nhớ, lời văn đi vào lòng người, cuốn sách không làm tôi thấy vọng, xin cảm ơn tác giả'),
(3, 37, 7, N'Vô nhà sách mấy anh chị nhân viên nhiệt tình lắm nhé, mình tìm hỏi các anh chị gợi ý chi tiết cho mình luôn.'),
(3, 37, 9, N'Sách Platbooks giao cho mình in nét, giấy đẹp, mới cứng còn nguyên seal.'),
(4, 38, 8, N'Bìa sách dễ nhìn, ngôn từ ngắn gọn, dễ hiểu, dễ nhớ, lời văn đi vào lòng người, cuốn sách không làm tôi thấy vọng, xin cảm ơn tác giả'),
(5, 38, 7, N'Nội dung sách rất chi tiết luôn đấy nhé, còn có cả phần phụ lục là appendix nữa.'),
(4, 39, 8, N'Giá cả sách mua tại cơ sở thì không được chiết khấu nhưng mà với tầm giá này của sách là rất ưu đãi rồi đấy.'),
(5, 39, 10, N'Sách dày cộp đặc chữ, cầm nặng tay và nhìn rất "có học".'),
(3, 40, 10, N'Sách dày cộp đặc chữ, cầm nặng tay và nhìn rất "có học".'),
(5, 40, 8, N'Giá cả sách mua tại cơ sở thì không được chiết khấu nhưng mà với tầm giá này của sách là rất ưu đãi rồi đấy.'),
(3, 40, 9, N'Giá cả sách mua tại cơ sở thì không được chiết khấu nhưng mà với tầm giá này của sách là rất ưu đãi rồi đấy.'),
(5, 40, 7, N'Sách được bọc rất kỹ và đẹp Mình cảm ơn.'),
(5, 41, 7, N'Nội dung sách rất chi tiết luôn đấy nhé, còn có cả phần phụ lục là appendix nữa.'),
(4, 41, 10, N'Sách dày cộp đặc chữ, cầm nặng tay và nhìn rất "có học".'),
(3, 41, 8, N'Đây là lần đầu tiên mình đặt mua hàng và nhận được hàng nhanh như vậy.'),
(3, 42, 7, N'Bìa sách dễ nhìn, ngôn từ ngắn gọn, dễ hiểu, dễ nhớ, lời văn đi vào lòng người, cuốn sách không làm tôi thấy vọng, xin cảm ơn tác giả'),
(5, 43, 10, N'Đây là lần đầu tiên mình đặt mua hàng và nhận được hàng nhanh như vậy.'),
(3, 43, 9, N'Đã mua và đọc quyển sách này hơn 1năm, càng đọc càng thấy hay.'),
(4, 43, 7, N'Sách Platbooks giao cho mình in nét, giấy đẹp, mới cứng còn nguyên seal.'),
(3, 44, 10, N'Sau khi đọc sách, mình đã vận dụng và có hiệu quả. Sẽ giới thiệu cho bạn bè cùng mua.'),
(3, 44, 8, N'Giao hàng nhanh, chất lượng, bao gói cẩn thận, hài lòng đã mua hàng nhiều lần tại Platbooks.'),
(4, 45, 9, N'Sách Platbooks giao cho mình in nét, giấy đẹp, mới cứng còn nguyên seal.'),
(5, 45, 8, N'Giao hàng nhanh, chất lượng, bao gói cẩn thận, hài lòng đã mua hàng nhiều lần tại Platbooks.'),
(4, 45, 7, N'Đây là lần đầu tiên mình đặt mua hàng và nhận được hàng nhanh như vậy.'),
(5, 46, 7, N'Nội dung sách rất chi tiết luôn đấy nhé, còn có cả phần phụ lục là appendix nữa.'),
(4, 46, 10, N'Giá cả sách mua tại cơ sở thì không được chiết khấu nhưng mà với tầm giá này của sách là rất ưu đãi rồi đấy.'),
(5, 46, 8, N'Vô nhà sách mấy anh chị nhân viên nhiệt tình lắm nhé, mình tìm hỏi các anh chị gợi ý chi tiết cho mình luôn.'),
(3, 47, 10, N'Bìa sách dễ nhìn, ngôn từ ngắn gọn, dễ hiểu, dễ nhớ, lời văn đi vào lòng người, cuốn sách không làm tôi thấy vọng, xin cảm ơn tác giả'),
(5, 47, 9, N'Vô nhà sách mấy anh chị nhân viên nhiệt tình lắm nhé, mình tìm hỏi các anh chị gợi ý chi tiết cho mình luôn.'),
(4, 47, 8, N'Sách còn có rất nhiều phần đặc biệt mà chúng ta không được học ở trường như mấy phần từ viết tắt, từ rút gọn mà thế giới sử dụng chung cho một vài tổ chức nữa.'),
(4, 48, 9, N'Đây là lần đầu tiên mình đặt mua hàng và nhận được hàng nhanh như vậy.'),
(3, 48, 7, N'Sách dày cộp đặc chữ, cầm nặng tay và nhìn rất "có học".'),
(3, 48, 10, N'Sách Platbooks giao cho mình in nét, giấy đẹp, mới cứng còn nguyên seal.'),
(5, 48, 8, N'Đã mua và đọc quyển sách này hơn 1năm, càng đọc càng thấy hay.'),
(3, 49, 8, N'Sách được bọc rất kỹ và đẹp Mình cảm ơn.'),
(3, 50, 7, N'Giao hàng nhanh, chất lượng, bao gói cẩn thận, hài lòng đã mua hàng nhiều lần tại Platbooks.'),
(4, 50, 10, N'Bìa sách dễ nhìn, ngôn từ ngắn gọn, dễ hiểu, dễ nhớ, lời văn đi vào lòng người, cuốn sách không làm tôi thấy vọng, xin cảm ơn tác giả'),
(3, 51, 8, N'Sau khi đọc sách, mình đã vận dụng và có hiệu quả. Sẽ giới thiệu cho bạn bè cùng mua.'),
(4, 51, 9, N'Sách được bọc rất kỹ và đẹp Mình cảm ơn.'),
(3, 51, 7, N'Vô nhà sách mấy anh chị nhân viên nhiệt tình lắm nhé, mình tìm hỏi các anh chị gợi ý chi tiết cho mình luôn.'),
(4, 52, 9, N'Vô nhà sách mấy anh chị nhân viên nhiệt tình lắm nhé, mình tìm hỏi các anh chị gợi ý chi tiết cho mình luôn.'),
(3, 52, 8, N'Mình mới mua cuốn này, đọc khá là hay và bổ ích.'),
(5, 52, 7, N'Giao hàng nhanh, chất lượng, bao gói cẩn thận, hài lòng đã mua hàng nhiều lần tại Platbooks.'),
(5, 52, 10, N'Sách được bọc rất kỹ và đẹp Mình cảm ơn.'),
(3, 53, 10, N'Đã mua và đọc quyển sách này hơn 1năm, càng đọc càng thấy hay.'),
(3, 53, 9, N'Nội dung sách rất chi tiết luôn đấy nhé, còn có cả phần phụ lục là appendix nữa.'),
(3, 53, 7, N'Rất nên mua! Đây là quyển sách "cứu đời" mình nè.'),
(4, 53, 8, N'Giao hàng nhanh, chất lượng, bao gói cẩn thận, hài lòng đã mua hàng nhiều lần tại Platbooks.'),
(4, 54, 7, N'Đây là lần đầu tiên mình đặt mua hàng và nhận được hàng nhanh như vậy.'),
(3, 54, 10, N'Vô nhà sách mấy anh chị nhân viên nhiệt tình lắm nhé, mình tìm hỏi các anh chị gợi ý chi tiết cho mình luôn.'),
(4, 55, 7, N'Sách còn có rất nhiều phần đặc biệt mà chúng ta không được học ở trường như mấy phần từ viết tắt, từ rút gọn mà thế giới sử dụng chung cho một vài tổ chức nữa.'),
(3, 55, 9, N'Sau khi đọc sách, mình đã vận dụng và có hiệu quả. Sẽ giới thiệu cho bạn bè cùng mua.'),
(3, 55, 8, N'Mình mới mua cuốn này, đọc khá là hay và bổ ích.'),
(3, 56, 10, N'Giá cả sách mua tại cơ sở thì không được chiết khấu nhưng mà với tầm giá này của sách là rất ưu đãi rồi đấy.'),
(5, 56, 9, N'Giá cả sách mua tại cơ sở thì không được chiết khấu nhưng mà với tầm giá này của sách là rất ưu đãi rồi đấy.'),
(3, 56, 8, N'Đây là lần đầu tiên mình đặt mua hàng và nhận được hàng nhanh như vậy.'),
(5, 57, 7, N'Sách còn có rất nhiều phần đặc biệt mà chúng ta không được học ở trường như mấy phần từ viết tắt, từ rút gọn mà thế giới sử dụng chung cho một vài tổ chức nữa.'),
(4, 57, 8, N'Đã mua và đọc quyển sách này hơn 1năm, càng đọc càng thấy hay.'),
(3, 57, 10, N'Giao hàng nhanh, chất lượng, bao gói cẩn thận, hài lòng đã mua hàng nhiều lần tại Platbooks.'),
(3, 57, 9, N'Mình mới mua cuốn này, đọc khá là hay và bổ ích.'),
(4, 58, 7, N'Đã mua và đọc quyển sách này hơn 1năm, càng đọc càng thấy hay.'),
(3, 58, 9, N'Vô nhà sách mấy anh chị nhân viên nhiệt tình lắm nhé, mình tìm hỏi các anh chị gợi ý chi tiết cho mình luôn.')